timestamp,cpu_usage,temperature,is_anomaly
2024-01-01 00:00:00,37.73424010034241,37.75252660773671,0
2024-01-01 00:01:00,52.22669557048023,27.651661533432073,0
2024-01-01 00:02:00,97.15893762487954,47.844867221048936,1
2024-01-01 00:03:00,50.561259024241245,36.073642710775,0
2024-01-01 00:04:00,59.48135140138798,28.166543195227845,0
2024-01-01 00:05:00,52.57491541516542,27.98008358064494,0
2024-01-01 00:06:00,49.13096026069811,31.866797648095666,0
2024-01-01 00:07:00,98.56376383452545,45.3372868534251,1
2024-01-01 00:08:00,60.72735163738624,28.47837073897503,0
2024-01-01 00:09:00,88.76122295753046,44.13419983395699,1
2024-01-01 00:10:00,28.347090530231995,36.76955642039145,0
2024-01-01 00:11:00,47.92927001524496,29.13285741535542,0
2024-01-01 00:12:00,53.93394260490365,27.182526086040543,0
2024-01-01 00:13:00,45.90216522472081,28.6843322779855,0
2024-01-01 00:14:00,44.67786752849393,31.598295085921357,0
2024-01-01 00:15:00,46.20245992046523,37.07511410161176,0
2024-01-01 00:16:00,94.80652337012646,44.89176746504397,1
2024-01-01 00:17:00,37.03883719118483,25.648101002835496,0
2024-01-01 00:18:00,56.56672976027478,39.573509770801074,0
2024-01-01 00:19:00,23.476849200636757,30.653197431733926,0
2024-01-01 00:20:00,55.2511513875478,29.57092076518226,0
2024-01-01 00:21:00,53.12012404260004,30.35492681418476,0
2024-01-01 00:22:00,54.89358943569564,23.854659018288753,0
2024-01-01 00:23:00,89.95961939216384,43.52288474037777,1
2024-01-01 00:24:00,52.98255861311692,33.74513601594126,0
2024-01-01 00:25:00,44.49189042234069,36.01907164491372,0
2024-01-01 00:26:00,95.87581876502234,37.97765212488467,1
2024-01-01 00:27:00,53.45493142780228,30.950106755633747,0
2024-01-01 00:28:00,38.05406367442897,36.1798377289234,0
2024-01-01 00:29:00,33.00641698320354,30.14093948184539,0
2024-01-01 00:30:00,43.65399875402144,33.58477603199501,0
2024-01-01 00:31:00,58.10435690691465,32.131895421508496,0
2024-01-01 00:32:00,61.516477781942,26.77993047360607,0
2024-01-01 00:33:00,51.77342699976725,25.48358005574065,0
2024-01-01 00:34:00,50.85420245773658,35.32946164915339,0
2024-01-01 00:35:00,46.60720446528893,16.857561142597483,0
2024-01-01 00:36:00,86.93006403200977,43.42415022578408,1
2024-01-01 00:37:00,62.077516016442296,22.887507518747498,0
2024-01-01 00:38:00,46.41173818253827,35.42138464474116,0
2024-01-01 00:39:00,56.52683361534363,37.010591173920105,0
2024-01-01 00:40:00,44.77541814266531,26.314817724443234,0
2024-01-01 00:41:00,59.95710152223075,43.962295900242495,0
2024-01-01 00:42:00,55.753260811191076,36.83273713010866,0
2024-01-01 00:43:00,59.81695637923203,31.04425183173332,0
2024-01-01 00:44:00,68.92836001428773,37.563974863727104,0
2024-01-01 00:45:00,24.111936034359502,26.7282532449599,0
2024-01-01 00:46:00,57.759027341339916,28.801718832986058,0
2024-01-01 00:47:00,54.58610867119875,32.51221030952252,0
2024-01-01 00:48:00,54.45213121372106,26.437620979058064,0
2024-01-01 00:49:00,52.28887927853263,23.598553669147034,0
2024-01-01 00:50:00,52.44213101705439,25.401490513390055,0
2024-01-01 00:51:00,53.64378720276696,28.82832351130976,0
2024-01-01 00:52:00,91.097280925886,42.145657454848724,1
2024-01-01 00:53:00,58.34759823908948,28.14522988629243,0
2024-01-01 00:54:00,49.689665103051965,21.86753630493116,0
2024-01-01 00:55:00,48.10844182055082,32.36019987230692,0
2024-01-01 00:56:00,50.31314009442715,36.329493792094475,0
2024-01-01 00:57:00,45.94619069672406,26.543585908404175,0
2024-01-01 00:58:00,67.81063824451967,38.25409278949085,0
2024-01-01 00:59:00,37.30655290889831,34.396285408902294,0
2024-01-01 01:00:00,57.60346886597692,24.725112690569713,0
2024-01-01 01:01:00,57.56874191762924,26.879705901537672,0
2024-01-01 01:02:00,44.54601030074784,28.54787608611642,0
2024-01-01 01:03:00,52.98321012610355,29.18214584287671,0
2024-01-01 01:04:00,62.68741194623525,17.75432504298398,0
2024-01-01 01:05:00,46.646527050449926,26.263700671496444,0
2024-01-01 01:06:00,63.24725056624473,27.13530493275861,0
2024-01-01 01:07:00,61.15350047214588,39.32680608539018,0
2024-01-01 01:08:00,43.03207797746728,31.252813471674624,0
2024-01-01 01:09:00,38.882557500410044,25.891270696453834,0
2024-01-01 01:10:00,51.68025964577143,27.677951038076575,0
2024-01-01 01:11:00,37.620743113399655,32.1359572261821,0
2024-01-01 01:12:00,21.119244931713315,28.083163235857437,0
2024-01-01 01:13:00,45.179976784227186,27.054847225849997,0
2024-01-01 01:14:00,71.69675826013254,27.4645229255644,0
2024-01-01 01:15:00,45.50121069707864,32.2992052367742,0
2024-01-01 01:16:00,53.76741474493168,23.14092823105773,0
2024-01-01 01:17:00,57.00174869823693,24.574172209401702,0
2024-01-01 01:18:00,49.493786293308034,25.462709540405367,0
2024-01-01 01:19:00,46.655635447559675,24.4009521917134,0
2024-01-01 01:20:00,62.42397316885283,25.859384127125395,0
2024-01-01 01:21:00,50.531528118457054,34.49572575789583,0
2024-01-01 01:22:00,48.9296559311694,35.03839728507804,0
2024-01-01 01:23:00,57.802607345775954,31.177980230681342,0
2024-01-01 01:24:00,39.64506172535467,31.071984017280617,0
2024-01-01 01:25:00,37.190966210806174,26.783854049661016,0
2024-01-01 01:26:00,33.62460621439294,19.5593139712555,0
2024-01-01 01:27:00,55.71524549218749,30.697749706721368,0
2024-01-01 01:28:00,48.35958556848252,31.603752846477185,0
2024-01-01 01:29:00,58.091484523442844,26.616742969913872,0
2024-01-01 01:30:00,50.626111804641106,24.697331557588974,0
2024-01-01 01:31:00,36.2482320853797,23.899568861801743,0
2024-01-01 01:32:00,46.39204030137219,30.780472099816453,0
2024-01-01 01:33:00,59.069614385131466,30.391815352893797,0
2024-01-01 01:34:00,47.419387758341756,36.012403411915386,0
2024-01-01 01:35:00,61.86390386634593,26.121947075172177,0
2024-01-01 01:36:00,45.41484560560424,28.548812366143896,0
2024-01-01 01:37:00,57.250540315124724,30.158929886729453,0
2024-01-01 01:38:00,32.130819606332786,27.285493119654145,0
2024-01-01 01:39:00,47.71269966785971,34.18785555821571,0
2024-01-01 01:40:00,46.0116643607497,36.14868831075382,0
2024-01-01 01:41:00,36.135555877927445,24.411243045195363,0
2024-01-01 01:42:00,61.27446634605377,28.016136687784797,0
2024-01-01 01:43:00,43.620530149708614,36.468669988131104,0
2024-01-01 01:44:00,42.518601788113436,31.47119087574605,0
2024-01-01 01:45:00,63.10653922217136,30.6105330438704,0
2024-01-01 01:46:00,51.67336152955078,31.726528430067006,0
2024-01-01 01:47:00,57.75363843590857,33.32208249776388,0
2024-01-01 01:48:00,33.08805787721132,31.858364482071178,0
2024-01-01 01:49:00,41.97213610188971,30.965327813348487,0
2024-01-01 01:50:00,70.73527685888713,30.019325578167138,0
2024-01-01 01:51:00,58.53389416902005,36.831882958493686,0
2024-01-01 01:52:00,39.37509603697263,28.566806266092136,0
2024-01-01 01:53:00,52.26058224396509,30.02129756969986,0
2024-01-01 01:54:00,39.92623265691211,37.70874170695885,0
2024-01-01 01:55:00,63.89804211030154,31.476184482193517,0
2024-01-01 01:56:00,27.422154447313744,29.538930530139123,0
2024-01-01 01:57:00,52.78035595602485,33.24476821128521,0
2024-01-01 01:58:00,52.60092675763667,31.076064408853796,0
2024-01-01 01:59:00,38.86066331327868,26.428804753372813,0
2024-01-01 02:00:00,47.37646900243195,31.221783361585178,0
2024-01-01 02:01:00,53.856900495630256,25.819380865649574,0
2024-01-01 02:02:00,32.07862582328138,39.181581603302924,0
2024-01-01 02:03:00,37.298426015450985,31.11375063541436,0
2024-01-01 02:04:00,48.50057345414877,25.271278425685406,0
2024-01-01 02:05:00,41.828694878147736,28.15011810479895,0
2024-01-01 02:06:00,45.36178820986047,33.66892339782612,0
2024-01-01 02:07:00,49.91276128686154,24.499393305340522,0
2024-01-01 02:08:00,40.94229698981717,43.49396853049769,0
2024-01-01 02:09:00,49.62284384053666,22.604702489127842,0
2024-01-01 02:10:00,53.082039898540984,34.5809552854285,0
2024-01-01 02:11:00,57.86962398437432,27.481197003177122,0
2024-01-01 02:12:00,37.47672951039104,25.92827779008292,0
2024-01-01 02:13:00,43.74491249835414,32.75254396069462,0
2024-01-01 02:14:00,56.096195145983216,27.655128473365163,0
2024-01-01 02:15:00,35.13080102551604,37.81094598080805,0
2024-01-01 02:16:00,51.13451724270856,23.057688224624574,0
2024-01-01 02:17:00,50.17149040618685,32.73563450492457,0
2024-01-01 02:18:00,24.074584171425176,28.80666431556002,0
2024-01-01 02:19:00,45.137599175006976,31.44049482682683,0
2024-01-01 02:20:00,53.333487426120676,32.55687663882287,0
2024-01-01 02:21:00,47.86136416130916,21.111498160894186,0
2024-01-01 02:22:00,45.4274211150617,31.053861962511423,0
2024-01-01 02:23:00,51.4695490733491,35.21735291689414,0
2024-01-01 02:24:00,59.87435525490754,32.3613443802047,0
2024-01-01 02:25:00,55.425067496599596,28.147967830418267,0
2024-01-01 02:26:00,42.3543170992512,22.993988094974892,0
2024-01-01 02:27:00,35.46102422023649,32.62049289251106,0
2024-01-01 02:28:00,55.302138129506986,39.47668307052499,0
2024-01-01 02:29:00,38.21115460021766,33.286841075792495,0
2024-01-01 02:30:00,44.65113155366357,35.79713586370464,0
2024-01-01 02:31:00,51.97820476330734,34.72297789933552,0
2024-01-01 02:32:00,61.19742223679595,27.95513287497208,0
2024-01-01 02:33:00,62.95874820714229,30.35863873798282,0
2024-01-01 02:34:00,50.633314089993746,34.496622691459386,0
2024-01-01 02:35:00,44.88743924090917,21.92078282716633,0
2024-01-01 02:36:00,37.826904068903374,33.30871565440898,0
2024-01-01 02:37:00,69.69720512895567,36.32871028003233,0
2024-01-01 02:38:00,47.05738126227013,29.630871621208776,0
2024-01-01 02:39:00,56.8348108737046,34.00331462199654,0
2024-01-01 02:40:00,51.966662509577795,27.192457428933523,0
2024-01-01 02:41:00,44.882488334334454,30.21283884280884,0
2024-01-01 02:42:00,44.74729415590623,28.669605415482625,0
2024-01-01 02:43:00,36.27660838066757,32.295970501415994,0
2024-01-01 02:44:00,61.300656491463855,29.496211219538104,0
2024-01-01 02:45:00,48.826178276131785,21.68504807210062,0
2024-01-01 02:46:00,64.17598573849557,26.470689122690118,0
2024-01-01 02:47:00,45.59922140826402,39.86597360243561,0
2024-01-01 02:48:00,47.24029484781716,32.94198948737657,0
2024-01-01 02:49:00,38.67897328766546,19.512171713098695,0
2024-01-01 02:50:00,46.89916333712809,36.10316196618014,0
2024-01-01 02:51:00,37.48862590827323,24.278275535068172,0
2024-01-01 02:52:00,53.819574569343885,34.48331470667309,0
2024-01-01 02:53:00,51.04218055831544,36.374311029566655,0
2024-01-01 02:54:00,64.8969264431961,30.524675706229413,0
2024-01-01 02:55:00,35.55681772055692,24.80901068596574,0
2024-01-01 02:56:00,62.15347813943479,26.531413485670715,0
2024-01-01 02:57:00,40.258574397849884,33.18132546815202,0
2024-01-01 02:58:00,53.32047987178559,24.30665982184928,0
2024-01-01 02:59:00,38.5567371535496,27.048462427424038,0
2024-01-01 03:00:00,51.97529335525379,32.62992016450085,0
2024-01-01 03:01:00,24.89950456443916,26.927877757532872,0
2024-01-01 03:02:00,43.26671916942284,37.141414901849835,0
2024-01-01 03:03:00,51.031740270586894,24.99982759158142,0
2024-01-01 03:04:00,67.65410607839158,13.637651765265916,0
2024-01-01 03:05:00,28.916245145551958,26.02835591136586,0
2024-01-01 03:06:00,49.9602760258297,31.599389990767385,0
2024-01-01 03:07:00,92.34073082013596,52.6970898001636,1
2024-01-01 03:08:00,30.71531716839261,27.877457785444836,0
2024-01-01 03:09:00,38.74249222995811,28.57307651777506,0
2024-01-01 03:10:00,45.15927437477994,29.802813026714325,0
2024-01-01 03:11:00,54.63953148525482,38.71958376590092,0
2024-01-01 03:12:00,50.95055350255841,31.865790886208174,0
2024-01-01 03:13:00,36.987023941199595,27.56300087181924,0
2024-01-01 03:14:00,31.58179600011745,40.30189411628322,0
2024-01-01 03:15:00,54.22229479439913,30.182808035293046,0
2024-01-01 03:16:00,48.17032593164886,19.67833013268366,0
2024-01-01 03:17:00,66.22301828401234,22.995672114814653,0
2024-01-01 03:18:00,46.50033544032816,33.002293999634354,0
2024-01-01 03:19:00,61.373390543262786,21.044317153405807,0
2024-01-01 03:20:00,55.369497299605044,32.45149618523079,0
2024-01-01 03:21:00,58.13180585663777,26.1599097767537,0
2024-01-01 03:22:00,54.32096360649573,36.178110628817436,0
2024-01-01 03:23:00,54.461003662225956,30.877722877871324,0
2024-01-01 03:24:00,27.1492304845961,21.750729766816264,0
2024-01-01 03:25:00,47.65370765559192,34.40718258806687,0
2024-01-01 03:26:00,43.382118893536166,36.647405330832584,0
2024-01-01 03:27:00,62.52249081086406,23.61692927038214,0
2024-01-01 03:28:00,39.98603176908353,26.040531171371164,0
2024-01-01 03:29:00,47.15128401596369,32.3699395794614,0
2024-01-01 03:30:00,58.22529898877954,33.43077169447902,0
2024-01-01 03:31:00,52.881659169090625,41.6348709901698,0
2024-01-01 03:32:00,51.65253243444836,34.3621022824356,0
2024-01-01 03:33:00,61.13027706305854,42.06709511356736,0
2024-01-01 03:34:00,52.503560190916915,30.0222922266849,0
2024-01-01 03:35:00,44.743482399638374,32.04914151164077,0
2024-01-01 03:36:00,37.2321852512774,27.100918187845725,0
2024-01-01 03:37:00,54.781175679124246,27.497929562626258,0
2024-01-01 03:38:00,42.23977656296002,30.962023171289815,0
2024-01-01 03:39:00,47.803294148673196,27.012911030149784,0
2024-01-01 03:40:00,60.92309899772056,17.426172208573632,0
2024-01-01 03:41:00,47.75032892916873,26.667345204142034,0
2024-01-01 03:42:00,84.33685106816783,38.140291869816785,1
2024-01-01 03:43:00,47.06517932985429,30.334440990333896,0
2024-01-01 03:44:00,47.693419134263564,30.35170286791066,0
2024-01-01 03:45:00,40.09529971004021,26.322954385460015,0
2024-01-01 03:46:00,88.80343613973155,47.03406957286196,1
2024-01-01 03:47:00,44.413305685472814,38.42388817736859,0
2024-01-01 03:48:00,57.73026551434239,36.8735905843704,0
2024-01-01 03:49:00,85.6821369855667,44.075211248255414,1
2024-01-01 03:50:00,55.686894794282324,25.576410349189572,0
2024-01-01 03:51:00,51.6395091979559,38.9371001685074,0
2024-01-01 03:52:00,50.15241042923526,35.247848125583026,0
2024-01-01 03:53:00,51.779879776770166,22.64608768013619,0
2024-01-01 03:54:00,54.3233130580743,21.16584313729092,0
2024-01-01 03:55:00,47.667117737980305,22.697257456493485,0
2024-01-01 03:56:00,48.20475348882838,27.620173716749523,0
2024-01-01 03:57:00,55.85807727324966,34.60515321527409,0
2024-01-01 03:58:00,38.674898017542716,34.4036942491306,0
2024-01-01 03:59:00,37.008565924112595,31.492459181359877,0
2024-01-01 04:00:00,51.8991251668849,29.372765035178073,0
2024-01-01 04:01:00,29.955122317403173,41.782781409345624,0
2024-01-01 04:02:00,33.17322306633316,30.221597820399303,0
2024-01-01 04:03:00,68.14271226817083,29.51601305084535,0
2024-01-01 04:04:00,65.57041945943261,27.42331101905972,0
2024-01-01 04:05:00,44.18767412966752,41.10972828919472,0
2024-01-01 04:06:00,60.14014290287765,33.52240905866428,0
2024-01-01 04:07:00,60.372538887017235,24.810891569821163,0
2024-01-01 04:08:00,54.848473116505225,24.286144192323782,0
2024-01-01 04:09:00,49.21592626160301,21.816458062674506,0
2024-01-01 04:10:00,56.289245644200015,29.508704940201802,0
2024-01-01 04:11:00,58.01977234668438,22.591563265065837,0
2024-01-01 04:12:00,56.475777023215336,24.044805206717385,0
2024-01-01 04:13:00,34.65947603863437,35.51117002640402,0
2024-01-01 04:14:00,70.3773206465932,34.374177755942355,0
2024-01-01 04:15:00,74.03047777220492,37.4437907395933,0
2024-01-01 04:16:00,31.009007123692363,22.69952017514947,0
2024-01-01 04:17:00,55.15270966450777,24.910407911653795,0
2024-01-01 04:18:00,70.75277600294751,26.965267774925486,0
2024-01-01 04:19:00,60.05195981531027,38.13424405374096,0
2024-01-01 04:20:00,60.25309439132992,30.39747298455624,0
2024-01-01 04:21:00,35.703026688306466,39.21689748968697,0
2024-01-01 04:22:00,57.705957691553586,33.195063951721785,0
2024-01-01 04:23:00,52.318288152107606,29.508736279033386,0
2024-01-01 04:24:00,57.75457500928167,33.12227716170119,0
2024-01-01 04:25:00,39.494767349030155,21.39474939687297,0
2024-01-01 04:26:00,39.245566322956456,19.73979648583323,0
2024-01-01 04:27:00,48.43729458582712,31.329911846650937,0
2024-01-01 04:28:00,46.097217456931766,30.19914289038287,0
2024-01-01 04:29:00,48.44978613145699,39.901015201622045,0
2024-01-01 04:30:00,45.396625839315995,23.088604787750064,0
2024-01-01 04:31:00,47.85360907142742,31.771024327703532,0
2024-01-01 04:32:00,43.21747241711579,33.5926477757498,0
2024-01-01 04:33:00,49.46396794674617,31.57775507288944,0
2024-01-01 04:34:00,35.74964970675319,35.52050590241576,0
2024-01-01 04:35:00,54.98683964321005,26.868601290083088,0
2024-01-01 04:36:00,52.53552717044319,34.1504244804725,0
2024-01-01 04:37:00,37.30257087750432,32.80277153640516,0
2024-01-01 04:38:00,63.29542355992297,35.66402192832651,0
2024-01-01 04:39:00,41.77406556296911,27.35735401052478,0
2024-01-01 04:40:00,61.87423564397748,24.162692345051724,0
2024-01-01 04:41:00,53.25646747929586,26.653091970305553,0
2024-01-01 04:42:00,59.93465876576688,24.67610909660971,0
2024-01-01 04:43:00,51.767050994623894,27.143853493474346,0
2024-01-01 04:44:00,55.57076971341056,28.129339592972993,0
2024-01-01 04:45:00,60.05076367540414,25.612280330579463,0
2024-01-01 04:46:00,68.92210743789771,29.935841084773003,0
2024-01-01 04:47:00,60.680623039033435,24.159807216740866,0
2024-01-01 04:48:00,54.56910728517337,29.587108122761137,0
2024-01-01 04:49:00,36.475008571182926,27.439402803554348,0
2024-01-01 04:50:00,25.90885426523231,29.37024681282214,0
2024-01-01 04:51:00,48.86761356020968,31.93115445924449,0
2024-01-01 04:52:00,42.93849524410182,27.890171308215916,0
2024-01-01 04:53:00,43.102558749296854,26.031491966639795,0
2024-01-01 04:54:00,49.06025821548578,26.62595868900784,0
2024-01-01 04:55:00,56.609199082399705,35.216062022748304,0
2024-01-01 04:56:00,43.83534681275837,36.38226870309963,0
2024-01-01 04:57:00,59.072535231464855,27.419473688905732,0
2024-01-01 04:58:00,50.256435196143535,29.13818656211574,0
2024-01-01 04:59:00,50.32763313749968,21.63544654578972,0
2024-01-01 05:00:00,68.72489944864485,29.081554088553897,0
2024-01-01 05:01:00,51.754024674639446,22.552651584539888,0
2024-01-01 05:02:00,49.608142849236714,27.58589513134392,0
2024-01-01 05:03:00,55.22861536465431,35.310442686076065,0
2024-01-01 05:04:00,67.98675333439088,22.581585251961453,0
2024-01-01 05:05:00,49.62371098860702,25.59378935983356,0
2024-01-01 05:06:00,54.5566890835568,25.60680624249952,0
2024-01-01 05:07:00,48.913618028608276,21.60959213349218,0
2024-01-01 05:08:00,49.09551331920333,34.30223755124683,0
2024-01-01 05:09:00,45.28185238878493,31.411050731210068,0
2024-01-01 05:10:00,44.38812714704531,39.13353720694101,0
2024-01-01 05:11:00,66.90421368934032,24.919632684508574,0
2024-01-01 05:12:00,44.680376495491764,21.14858573498265,0
2024-01-01 05:13:00,34.70569852382968,34.893386387910205,0
2024-01-01 05:14:00,51.25531690410113,28.14227151652691,0
2024-01-01 05:15:00,60.24316902771498,27.664272535294447,0
2024-01-01 05:16:00,62.32066362059806,37.65148080323795,0
2024-01-01 05:17:00,38.16628938855357,30.824688150937902,0
2024-01-01 05:18:00,60.947559971491046,34.36709966472964,0
2024-01-01 05:19:00,70.69645266696674,26.88102517875197,0
2024-01-01 05:20:00,43.086284550217364,26.54156970919338,0
2024-01-01 05:21:00,48.093955533529396,28.278805541019125,0
2024-01-01 05:22:00,37.48430786961868,33.25386393824423,0
2024-01-01 05:23:00,68.48938017635373,30.296039915321085,0
2024-01-01 05:24:00,35.14724681440826,32.322220389418106,0
2024-01-01 05:25:00,45.863128605345736,17.065040760339137,0
2024-01-01 05:26:00,96.62470055980319,42.42429810019006,1
2024-01-01 05:27:00,43.110448046236804,19.281055608470485,0
2024-01-01 05:28:00,40.18959438383297,28.294556010909616,0
2024-01-01 05:29:00,49.57084435718156,22.75046398971748,0
2024-01-01 05:30:00,73.91554845388508,38.50756307700877,0
2024-01-01 05:31:00,47.53833109037399,30.02498187580391,0
2024-01-01 05:32:00,47.998040763351234,30.927808566273754,0
2024-01-01 05:33:00,38.802707551865474,24.4789797323532,0
2024-01-01 05:34:00,53.94190618354549,24.355689182281,0
2024-01-01 05:35:00,58.708816279579544,37.683102169674,0
2024-01-01 05:36:00,43.98560750726267,38.831480256631316,0
2024-01-01 05:37:00,55.24071465433007,32.04163577056723,0
2024-01-01 05:38:00,44.02899963850293,19.92643029964515,0
2024-01-01 05:39:00,31.18464248672987,28.02137457923314,0
2024-01-01 05:40:00,54.59496613984234,31.696602841173835,0
2024-01-01 05:41:00,70.7425723692228,28.95954873374308,0
2024-01-01 05:42:00,38.06363953945848,19.58238105635796,0
2024-01-01 05:43:00,51.86012930292629,39.450710644678374,0
2024-01-01 05:44:00,63.3109516978944,25.839136146479124,0
2024-01-01 05:45:00,49.045385813032645,23.437350888822078,0
2024-01-01 05:46:00,93.30923735086297,37.32231556734078,1
2024-01-01 05:47:00,50.42871666949915,35.899643418462645,0
2024-01-01 05:48:00,64.81348715360892,32.56010541815656,0
2024-01-01 05:49:00,44.8107312568653,23.523048480691134,0
2024-01-01 05:50:00,52.07918093424,22.743591072084243,0
2024-01-01 05:51:00,39.41856308870988,19.10015178425312,0
2024-01-01 05:52:00,48.864826500734495,28.50237315490229,0
2024-01-01 05:53:00,53.876620727247825,27.5855974353603,0
2024-01-01 05:54:00,51.207580561732485,32.384024575053786,0
2024-01-01 05:55:00,45.5764740222023,26.60854218929765,0
2024-01-01 05:56:00,54.219576521510895,34.897826731159746,0
2024-01-01 05:57:00,56.660041691812154,33.16895720807812,0
2024-01-01 05:58:00,57.18075154931165,26.402902264535534,0
2024-01-01 05:59:00,47.141329834038324,32.00150630911053,0
2024-01-01 06:00:00,43.815399223054065,36.4964892143189,0
2024-01-01 06:01:00,69.60851027542927,25.164295852665983,0
2024-01-01 06:02:00,51.52131633795744,29.07426521343405,0
2024-01-01 06:03:00,47.426109525202236,28.77274098620997,0
2024-01-01 06:04:00,35.26778785934551,28.213188982559476,0
2024-01-01 06:05:00,40.743940676025645,34.02552722919398,0
2024-01-01 06:06:00,43.52512966613276,34.402779273602114,0
2024-01-01 06:07:00,54.34300609351791,32.10223636067814,0
2024-01-01 06:08:00,46.44187211109186,31.888197707699298,0
2024-01-01 06:09:00,50.01732045852432,27.315416158827077,0
2024-01-01 06:10:00,35.84603242231151,31.62129000224106,0
2024-01-01 06:11:00,64.06036620568972,23.62653843970194,0
2024-01-01 06:12:00,42.60500583278184,42.47669298889747,0
2024-01-01 06:13:00,52.559778009308054,36.73949863514173,0
2024-01-01 06:14:00,44.58425036719347,34.71076737789534,0
2024-01-01 06:15:00,46.97229393983976,32.05604471323876,0
2024-01-01 06:16:00,42.14087256387711,31.985336930990552,0
2024-01-01 06:17:00,53.0747354244136,21.47897115254179,0
2024-01-01 06:18:00,40.179022851016065,23.728955725329136,0
2024-01-01 06:19:00,53.148133672374115,24.311319659373805,0
2024-01-01 06:20:00,91.7940041301112,44.01266612203538,1
2024-01-01 06:21:00,56.39983241610612,28.43727305247517,0
2024-01-01 06:22:00,57.32598815643711,34.03908704971242,0
2024-01-01 06:23:00,46.76834837538397,24.946235077420017,0
2024-01-01 06:24:00,91.63950374614487,37.67093543662149,1
2024-01-01 06:25:00,45.51569681730862,25.889205224370304,0
2024-01-01 06:26:00,63.12754922682974,28.03149407160269,0
2024-01-01 06:27:00,46.554375347660674,34.530908868410116,0
2024-01-01 06:28:00,48.06305077692111,32.53230062134642,0
2024-01-01 06:29:00,45.39251721320793,23.705045559009825,0
2024-01-01 06:30:00,42.692628824767034,35.295243869509896,0
2024-01-01 06:31:00,81.39491864694308,44.260391194557094,1
2024-01-01 06:32:00,54.9337267781842,19.17833226940237,0
2024-01-01 06:33:00,50.47105342150399,25.71403663304311,0
2024-01-01 06:34:00,45.25519617494772,28.05854292721975,0
2024-01-01 06:35:00,61.04990570942069,24.118915148789945,0
2024-01-01 06:36:00,44.45468191383372,36.907471815536915,0
2024-01-01 06:37:00,51.16145849222336,28.195275743701206,0
2024-01-01 06:38:00,72.02112183151137,32.416410612059614,0
2024-01-01 06:39:00,40.42512909431074,30.870375563882106,0
2024-01-01 06:40:00,55.47476835976982,33.63466956312709,0
2024-01-01 06:41:00,52.868063311043116,38.28031423950012,0
2024-01-01 06:42:00,55.27141926743878,33.450079209050784,0
2024-01-01 06:43:00,47.01140274552855,38.676700750861514,0
2024-01-01 06:44:00,43.95090368301671,33.533539938009575,0
2024-01-01 06:45:00,52.29363649064627,30.54703669152368,0
2024-01-01 06:46:00,45.50277393579231,31.435222480945928,0
2024-01-01 06:47:00,26.65757303876803,16.888212954674078,0
2024-01-01 06:48:00,41.84863591870717,27.69484270851596,0
2024-01-01 06:49:00,104.92012253163537,44.25957183919272,1
2024-01-01 06:50:00,39.261362334228366,32.02206651231111,0
2024-01-01 06:51:00,51.424690404331244,29.604946500402725,0
2024-01-01 06:52:00,42.33096321453149,31.721735828218613,0
2024-01-01 06:53:00,49.48911943341269,23.358543793545778,0
2024-01-01 06:54:00,71.6706503075465,22.03289914161953,0
2024-01-01 06:55:00,62.31391542923386,24.1056202689734,0
2024-01-01 06:56:00,55.95121732593263,37.95741263027834,0
2024-01-01 06:57:00,68.06324079467491,23.68746236254691,0
2024-01-01 06:58:00,49.33736751831419,26.01266207568543,0
2024-01-01 06:59:00,49.54459595812479,30.739016240945794,0
2024-01-01 07:00:00,85.8074407521042,39.1681625025238,1
2024-01-01 07:01:00,62.79103128073346,25.497312772408293,0
2024-01-01 07:02:00,69.50875299287426,33.3938905456091,0
2024-01-01 07:03:00,59.03490066540497,27.784231920644096,0
2024-01-01 07:04:00,64.35869565302121,38.51214058800063,0
2024-01-01 07:05:00,22.7524952597115,21.454590787940763,0
2024-01-01 07:06:00,87.00936627405066,52.706157916045065,1
2024-01-01 07:07:00,49.0055932038485,27.724532702452045,0
2024-01-01 07:08:00,73.65172713812217,30.036095080407396,0
2024-01-01 07:09:00,67.2718526365537,23.880539012591143,0
2024-01-01 07:10:00,57.59366328575283,27.070092132841772,0
2024-01-01 07:11:00,46.63857784483284,33.930618116660426,0
2024-01-01 07:12:00,51.67203003040352,28.650862395686318,0
2024-01-01 07:13:00,30.974682262076183,24.50762437820747,0
2024-01-01 07:14:00,59.27057922549212,40.516522137654505,0
2024-01-01 07:15:00,24.602260434283156,30.355901884509244,0
2024-01-01 07:16:00,47.041537737018714,33.07078782203287,0
2024-01-01 07:17:00,65.31761508131486,33.81410251796317,0
2024-01-01 07:18:00,57.047640038573256,29.546545084767466,0
2024-01-01 07:19:00,34.67113296698979,26.224015306831546,0
2024-01-01 07:20:00,36.619426179759856,31.144533836037326,0
2024-01-01 07:21:00,43.996848960475674,26.538881322582366,0
2024-01-01 07:22:00,50.98311407592042,31.93984879174063,0
2024-01-01 07:23:00,58.80590659773598,29.30184639682564,0
2024-01-01 07:24:00,55.94406620131299,35.2498220538605,0
2024-01-01 07:25:00,39.1854237271456,24.206878207805637,0
2024-01-01 07:26:00,56.21083077927206,33.56147196650723,0
2024-01-01 07:27:00,57.352265553740416,33.115719560747195,0
2024-01-01 07:28:00,55.07157842061665,28.825216044239717,0
2024-01-01 07:29:00,74.76160530193016,33.72628362725177,0
2024-01-01 07:30:00,57.435389503108205,32.15883688241299,0
2024-01-01 07:31:00,59.54233689549033,33.360456029671724,0
2024-01-01 07:32:00,68.72419276813902,32.75720688000568,0
2024-01-01 07:33:00,58.39973128507911,30.36788548954491,0
2024-01-01 07:34:00,91.78805387773751,43.97365038085847,1
2024-01-01 07:35:00,62.29692097462619,27.168145363393457,0
2024-01-01 07:36:00,46.0262328642542,28.879018139204682,0
2024-01-01 07:37:00,40.04973362150519,34.03142614857148,0
2024-01-01 07:38:00,41.206002279965986,33.14319957559952,0
2024-01-01 07:39:00,62.27606385884481,35.07557542025358,0
2024-01-01 07:40:00,56.24025431218811,35.48718721598422,0
2024-01-01 07:41:00,60.42948332340895,29.05221262556561,0
2024-01-01 07:42:00,56.101428114831975,39.746094435350386,0
2024-01-01 07:43:00,51.811133281513825,29.470011223770143,0
2024-01-01 07:44:00,53.265166739452056,27.505918698559434,0
2024-01-01 07:45:00,55.976693813682765,31.944096046897993,0
2024-01-01 07:46:00,78.91510233139489,51.86251911827093,1
2024-01-01 07:47:00,36.94602514987896,26.350572950093714,0
2024-01-01 07:48:00,45.19953630249072,29.086619237643436,0
2024-01-01 07:49:00,55.38524375721914,27.799439367743982,0
2024-01-01 07:50:00,43.44081674760869,30.61226782046477,0
2024-01-01 07:51:00,71.2424437022619,34.08928952488899,0
2024-01-01 07:52:00,90.31173341377071,45.37312638783115,1
2024-01-01 07:53:00,51.260979340700686,32.890726968304406,0
2024-01-01 07:54:00,79.92311077014534,51.27275160311255,1
2024-01-01 07:55:00,59.20947733292523,34.44360869364727,0
2024-01-01 07:56:00,37.943904810853574,27.70243444502781,0
2024-01-01 07:57:00,53.3400193331191,27.726731889816783,0
2024-01-01 07:58:00,45.71441050988902,31.911450625482257,0
2024-01-01 07:59:00,51.187912944347644,32.380013305927896,0
2024-01-01 08:00:00,54.92084239757244,29.53519880708607,0
2024-01-01 08:01:00,38.71414136059719,25.418566377270935,0
2024-01-01 08:02:00,33.203643806940924,27.580195055367284,0
2024-01-01 08:03:00,40.640378453292364,30.471078539052453,0
2024-01-01 08:04:00,58.937430195507446,32.549800502208576,0
2024-01-01 08:05:00,53.702286623004774,25.816572510918242,0
2024-01-01 08:06:00,46.04741570199627,26.820050012700865,0
2024-01-01 08:07:00,69.81037972888399,31.424624029661558,0
2024-01-01 08:08:00,88.5945630924074,48.15461426353075,1
2024-01-01 08:09:00,60.393777588368586,30.546759320988375,0
2024-01-01 08:10:00,42.878415020749436,16.878342546907078,0
2024-01-01 08:11:00,60.31083354177187,28.615861902044465,0
2024-01-01 08:12:00,53.20522229176472,34.34428490932875,0
2024-01-01 08:13:00,42.72635407204618,26.695686080915717,0
2024-01-01 08:14:00,49.03843942401253,32.45270166751603,0
2024-01-01 08:15:00,39.743302596900335,24.050877233842563,0
2024-01-01 08:16:00,42.87023849212773,22.239967102793695,0
2024-01-01 08:17:00,38.60662074872052,32.15444539606439,0
2024-01-01 08:18:00,59.52863528589717,29.933906881418054,0
2024-01-01 08:19:00,49.38106021247888,28.316219931570124,0
2024-01-01 08:20:00,40.72653117223564,34.26280973864105,0
2024-01-01 08:21:00,55.25056328286325,28.346846694210715,0
2024-01-01 08:22:00,95.27628136500103,41.72146288300273,1
2024-01-01 08:23:00,60.548465919191365,26.26270254420565,0
2024-01-01 08:24:00,51.42861587941367,25.323246661822356,0
2024-01-01 08:25:00,35.630893256802366,32.25847765492138,0
2024-01-01 08:26:00,45.1126162749561,28.562972000056842,0
2024-01-01 08:27:00,38.46508203821022,35.60328808954252,0
2024-01-01 08:28:00,55.77201482626912,15.302302144435048,0
2024-01-01 08:29:00,60.91462213262202,34.66940801352845,0
2024-01-01 08:30:00,34.51033119552803,31.82389588589913,0
2024-01-01 08:31:00,48.89548886390714,29.64434327802789,0
2024-01-01 08:32:00,88.11056418236663,43.30868370388524,1
2024-01-01 08:33:00,34.39499866274409,21.65400072717913,0
2024-01-01 08:34:00,45.51444139000217,33.659117797856055,0
2024-01-01 08:35:00,50.02084090581148,31.21163423628251,0
2024-01-01 08:36:00,60.85792473655862,31.104099451652516,0
2024-01-01 08:37:00,55.17395469790586,29.573291301124417,0
2024-01-01 08:38:00,57.22137666542728,34.28771933373863,0
2024-01-01 08:39:00,56.101333743902735,27.139582514266355,0
2024-01-01 08:40:00,46.29230229411597,28.29826135721545,0
2024-01-01 08:41:00,66.5013097490629,29.157589486199406,0
2024-01-01 08:42:00,43.23826932394569,29.112974111431726,0
2024-01-01 08:43:00,22.001715306876218,36.54830824794196,0
2024-01-01 08:44:00,31.91139094516337,23.54390087970275,0
2024-01-01 08:45:00,48.98709138795739,20.290838711728945,0
2024-01-01 08:46:00,46.639393590927206,22.645014542962326,0
2024-01-01 08:47:00,44.5920618854996,33.280081627819165,0
2024-01-01 08:48:00,51.23910378901691,29.549517661389054,0
2024-01-01 08:49:00,61.82383137334197,21.90595969933258,0
2024-01-01 08:50:00,54.651298412604525,30.652230760257115,0
2024-01-01 08:51:00,56.45955923025159,28.395720079066418,0
2024-01-01 08:52:00,39.30124441616439,32.77721239766783,0
2024-01-01 08:53:00,44.730138170332815,33.88917397547906,0
2024-01-01 08:54:00,56.85677908077172,42.61231361246072,0
2024-01-01 08:55:00,51.054028241423296,23.930153765460656,0
2024-01-01 08:56:00,54.71332600363966,20.439370200287744,0
2024-01-01 08:57:00,56.0539297758549,32.79017231274264,0
2024-01-01 08:58:00,51.581199771983506,35.047282200770184,0
2024-01-01 08:59:00,87.24089854352906,44.71629256161568,1
2024-01-01 09:00:00,82.80279122225237,41.83708433566316,1
2024-01-01 09:01:00,41.715857116147326,31.712951294784343,0
2024-01-01 09:02:00,32.530783402683575,38.79488285840049,0
2024-01-01 09:03:00,57.531828412489176,25.72614571041624,0
2024-01-01 09:04:00,44.315305660100094,30.35528950203723,0
2024-01-01 09:05:00,62.653404654759,20.42242995574447,0
2024-01-01 09:06:00,52.54608592840134,28.927476783439918,0
2024-01-01 09:07:00,46.664853703623905,29.34073479038092,0
2024-01-01 09:08:00,39.350193925205794,37.39208155683139,0
2024-01-01 09:09:00,58.31188885889747,26.433016182765833,0
2024-01-01 09:10:00,49.2337172661513,33.32073798139288,0
2024-01-01 09:11:00,52.85721547473461,26.007563791842685,0
2024-01-01 09:12:00,55.999882385058555,30.68176466677715,0
2024-01-01 09:13:00,52.71673562695876,40.460480558962985,0
2024-01-01 09:14:00,41.52202235886656,38.879898132667144,0
2024-01-01 09:15:00,55.3039362206452,39.92407563786491,0
2024-01-01 09:16:00,58.19555363144538,31.872622122393576,0
2024-01-01 09:17:00,53.46949345488842,28.934976632710658,0
2024-01-01 09:18:00,56.219772053178744,31.399971989371664,0
2024-01-01 09:19:00,57.22036731014631,32.34847397921265,0
2024-01-01 09:20:00,45.88084445615578,31.852363394897758,0
2024-01-01 09:21:00,45.57899438586116,26.455916420111645,0
2024-01-01 09:22:00,72.14798743255824,26.06736312106457,0
2024-01-01 09:23:00,63.22473095664876,26.981037232913398,0
2024-01-01 09:24:00,49.468337908608,35.48510021189781,0
2024-01-01 09:25:00,56.84023773323806,35.997720881697276,0
2024-01-01 09:26:00,40.70859842603978,45.84756818204685,0
2024-01-01 09:27:00,43.986925857068286,31.97563526971429,0
2024-01-01 09:28:00,37.38066250002939,25.839539877274245,0
2024-01-01 09:29:00,52.65178007821681,27.667296683162544,0
2024-01-01 09:30:00,52.989883463040115,29.24032810198308,0
2024-01-01 09:31:00,60.77171110015825,37.569810433595265,0
2024-01-01 09:32:00,47.86392451787806,33.83375436934894,0
2024-01-01 09:33:00,60.69883317658736,23.281246391152514,0
2024-01-01 09:34:00,56.67345098463521,29.738590318529194,0
2024-01-01 09:35:00,74.41756150348687,22.502879381102577,0
2024-01-01 09:36:00,66.56991398612007,33.12478344169109,0
2024-01-01 09:37:00,64.91304384800712,26.449565245804703,0
2024-01-01 09:38:00,58.24280680819563,26.86214198023518,0
2024-01-01 09:39:00,40.908840516537296,20.627129057708157,0
2024-01-01 09:40:00,53.05889791118615,33.98412318662882,0
2024-01-01 09:41:00,72.37075653366261,36.25685349589163,0
2024-01-01 09:42:00,54.938628891676366,26.438248729999213,0
2024-01-01 09:43:00,41.667399415559196,29.3074623814371,0
2024-01-01 09:44:00,53.46829405852115,27.637038502812246,0
2024-01-01 09:45:00,40.03441349424703,29.0074597863755,0
2024-01-01 09:46:00,41.29949640770896,25.929394714812393,0
2024-01-01 09:47:00,54.04497643079359,24.560231988923203,0
2024-01-01 09:48:00,57.3906421792864,36.975229087483704,0
2024-01-01 09:49:00,42.109957398487296,16.626505526114933,0
2024-01-01 09:50:00,44.485212165700865,32.55660874260571,0
2024-01-01 09:51:00,35.65847218772264,31.299709903441602,0
2024-01-01 09:52:00,48.65394748200617,38.2232347735166,0
2024-01-01 09:53:00,30.750015218489384,28.81816778085352,0
2024-01-01 09:54:00,47.10811843646533,28.042702251464025,0
2024-01-01 09:55:00,50.770592187202936,25.89955578501303,0
2024-01-01 09:56:00,32.21259091592515,31.63774679974376,0
2024-01-01 09:57:00,39.88153796377392,26.399514207448483,0
2024-01-01 09:58:00,49.266421287189196,24.407258016428113,0
2024-01-01 09:59:00,47.947961990917726,26.401125716996614,0
2024-01-01 10:00:00,48.3998375427373,25.188996296604238,0
2024-01-01 10:01:00,86.29773998875069,47.253916550668556,1
2024-01-01 10:02:00,33.29014682730141,30.48428274564636,0
2024-01-01 10:03:00,57.01344258859547,29.170655929103788,0
2024-01-01 10:04:00,46.68495513535409,32.570885679919364,0
2024-01-01 10:05:00,44.02013385239469,30.767274469464947,0
2024-01-01 10:06:00,31.301617405383332,24.0475127359229,0
2024-01-01 10:07:00,47.134474398943055,19.21539373199643,0
2024-01-01 10:08:00,55.18105966003567,24.96063244985146,0
2024-01-01 10:09:00,51.34283663073046,33.75517606579216,0
2024-01-01 10:10:00,51.68118331786181,33.759935248575474,0
2024-01-01 10:11:00,46.587578722213266,35.01606201595134,0
2024-01-01 10:12:00,49.392970690324645,34.19981810322261,0
2024-01-01 10:13:00,38.93999105097222,35.57431052913509,0
2024-01-01 10:14:00,49.82187983629377,32.23110324084649,0
2024-01-01 10:15:00,45.12022066248555,38.90374375592803,0
2024-01-01 10:16:00,38.71759464614664,31.47986751244019,0
2024-01-01 10:17:00,57.65563669170087,40.087886774536365,0
2024-01-01 10:18:00,34.33149695047864,26.704753255080515,0
2024-01-01 10:19:00,55.375132271491054,26.846730198577852,0
2024-01-01 10:20:00,55.777644880594295,29.20874081631223,0
2024-01-01 10:21:00,44.85627819928098,29.940991417165538,0
2024-01-01 10:22:00,60.3134970952584,28.437624384067732,0
2024-01-01 10:23:00,44.58561765668053,32.85228535336221,0
2024-01-01 10:24:00,43.95587787571843,29.524142044125707,0
2024-01-01 10:25:00,38.04235310419188,26.832161950425466,0
2024-01-01 10:26:00,49.806743104050284,27.967669450729346,0
2024-01-01 10:27:00,40.508930628023414,36.062553464615576,0
2024-01-01 10:28:00,42.118705422391756,31.579434185033733,0
2024-01-01 10:29:00,49.19894937548806,21.609192566490005,0
2024-01-01 10:30:00,49.7165581223217,37.519297064538485,0
2024-01-01 10:31:00,62.43802815158325,32.18942740095079,0
2024-01-01 10:32:00,59.16770779174922,33.3460775846174,0
2024-01-01 10:33:00,55.59525483811531,34.666768423667286,0
2024-01-01 10:34:00,48.38656647753455,34.96653220814141,0
2024-01-01 10:35:00,45.82772862869261,25.185039894701895,0
2024-01-01 10:36:00,49.93189706324111,24.6615237796904,0
2024-01-01 10:37:00,44.39238785318986,42.090689429086886,0
2024-01-01 10:38:00,43.056464032679365,26.63429626107024,0
2024-01-01 10:39:00,49.32455167914175,32.00777759702314,0
2024-01-01 10:40:00,41.293585419636905,38.18766599114671,0
2024-01-01 10:41:00,41.84570295985641,27.8238637354412,0
2024-01-01 10:42:00,59.545014481724785,28.132115675162282,0
2024-01-01 10:43:00,36.256969715310525,34.71682226752846,0
2024-01-01 10:44:00,39.579757696009075,30.997629979324188,0
2024-01-01 10:45:00,62.80222695758637,32.5436516955424,0
2024-01-01 10:46:00,46.052712011685735,29.602018412741344,0
2024-01-01 10:47:00,63.74570651717569,27.369663443308482,0
2024-01-01 10:48:00,38.51452480407058,28.435418631689377,0
2024-01-01 10:49:00,50.6897826825964,36.02600026479199,0
2024-01-01 10:50:00,57.72019630292977,28.550165796313784,0
2024-01-01 10:51:00,40.98334092433108,32.09384568212977,0
2024-01-01 10:52:00,66.79280750282267,25.316229310550106,0
2024-01-01 10:53:00,46.12578841199225,40.234692061886484,0
2024-01-01 10:54:00,54.96586049344015,31.669112784477612,0
2024-01-01 10:55:00,43.23565821098333,31.706155029210557,0
2024-01-01 10:56:00,64.9404213911227,34.56202040429727,0
2024-01-01 10:57:00,53.14759312994836,27.631015681100667,0
2024-01-01 10:58:00,71.04672315898502,35.90916404654663,0
2024-01-01 10:59:00,61.91130614880595,22.462252692968576,0
2024-01-01 11:00:00,58.270008397777396,26.60136756288106,0
2024-01-01 11:01:00,40.34922753386574,25.953779859019214,0
2024-01-01 11:02:00,50.87135110658682,20.595576087316505,0
2024-01-01 11:03:00,46.94651202611825,27.261131901702424,0
2024-01-01 11:04:00,50.242229192138815,29.776620114150358,0
2024-01-01 11:05:00,51.403178826332336,24.50818502979051,0
2024-01-01 11:06:00,40.832878580872816,23.82779300998207,0
2024-01-01 11:07:00,87.38907608757846,43.458869868615096,1
2024-01-01 11:08:00,49.02482030865438,29.69723353478456,0
2024-01-01 11:09:00,39.85432127904543,28.725875208738028,0
2024-01-01 11:10:00,58.094690836631244,23.69913187424601,0
2024-01-01 11:11:00,52.21617267047572,28.033514244437544,0
2024-01-01 11:12:00,58.132620787803795,26.921691364366527,0
2024-01-01 11:13:00,54.962172775110126,30.413651711022858,0
2024-01-01 11:14:00,33.08281868915086,27.136149899385448,0
2024-01-01 11:15:00,41.62250219367743,29.68892418483099,0
2024-01-01 11:16:00,66.44448917223701,23.53644746724643,0
2024-01-01 11:17:00,57.751985110574665,23.178887636584147,0
2024-01-01 11:18:00,33.831290065364435,32.7028943874055,0
2024-01-01 11:19:00,54.591058426547775,33.79827241355426,0
2024-01-01 11:20:00,41.643528552120976,28.000436330845044,0
2024-01-01 11:21:00,29.006577119467476,30.125770955849713,0
2024-01-01 11:22:00,66.72772992788701,27.574656809770893,0
2024-01-01 11:23:00,50.87254420131214,35.5668012849942,0
2024-01-01 11:24:00,52.01611229019846,29.10351957840998,0
2024-01-01 11:25:00,37.5907712507283,27.315166285257465,0
2024-01-01 11:26:00,38.34700991475213,35.007287772713475,0
2024-01-01 11:27:00,34.0996571467431,26.2913522757471,0
2024-01-01 11:28:00,64.086306458259,30.476096614062964,0
2024-01-01 11:29:00,33.527883095766576,24.540318230933263,0
2024-01-01 11:30:00,66.06980878867306,33.30945511519841,0
2024-01-01 11:31:00,40.299914703722244,34.20869833925907,0
2024-01-01 11:32:00,37.70719791131708,23.58550808376957,0
2024-01-01 11:33:00,49.468835612160866,22.778929476819616,0
2024-01-01 11:34:00,43.050678661373944,31.500074723775242,0
2024-01-01 11:35:00,50.83144889673403,39.623285525216794,0
2024-01-01 11:36:00,94.61144478295549,37.80870284825098,1
2024-01-01 11:37:00,46.91731850972671,28.927964332472197,0
2024-01-01 11:38:00,42.40392304696504,25.565190827418174,0
2024-01-01 11:39:00,58.709711184303295,23.839844434060634,0
2024-01-01 11:40:00,55.13864700297504,33.62227265665451,0
2024-01-01 11:41:00,88.92314784872252,45.4739223523331,1
2024-01-01 11:42:00,60.58898549757097,26.804876612586447,0
2024-01-01 11:43:00,52.64182519636096,28.786652385243308,0
2024-01-01 11:44:00,51.882397139769026,30.27064413484131,0
2024-01-01 11:45:00,48.85598382693024,38.94119417857267,0
2024-01-01 11:46:00,92.20478418778566,39.91564011774831,1
2024-01-01 11:47:00,42.93122212055271,25.082128549801197,0
2024-01-01 11:48:00,51.60723546959778,24.258757113292724,0
2024-01-01 11:49:00,60.261961338543905,25.453616826284208,0
2024-01-01 11:50:00,55.87839699367365,36.27909837209227,0
2024-01-01 11:51:00,55.592063069314754,32.65686636696802,0
2024-01-01 11:52:00,39.02191712279091,28.28064865399805,0
2024-01-01 11:53:00,55.09024694770615,15.380848578881066,0
2024-01-01 11:54:00,46.10263271397195,25.48796993761891,0
2024-01-01 11:55:00,51.763010723917716,31.80184233428095,0
2024-01-01 11:56:00,55.61382875735448,31.7437847066688,0
2024-01-01 11:57:00,38.60587910615386,31.792788607504065,0
2024-01-01 11:58:00,51.65414682654255,23.427972187279657,0
2024-01-01 11:59:00,52.321348776447415,30.9673436099525,0
2024-01-01 12:00:00,59.87755042816109,25.125862667363247,0
2024-01-01 12:01:00,44.88484648582914,29.980812426001904,0
2024-01-01 12:02:00,49.35926301757611,26.413700904421713,0
2024-01-01 12:03:00,51.76600272982692,35.400498214711476,0
2024-01-01 12:04:00,44.78146663735496,31.708197828769894,0
2024-01-01 12:05:00,44.55657466929671,29.265542592596812,0
2024-01-01 12:06:00,44.23940041904085,36.81223263835673,0
2024-01-01 12:07:00,48.77286488772147,27.94246875360486,0
2024-01-01 12:08:00,67.48309205630545,23.07675263550659,0
2024-01-01 12:09:00,48.997937166404284,35.20142937130235,0
2024-01-01 12:10:00,55.055451343937264,31.242017738124087,0
2024-01-01 12:11:00,50.30205456970914,28.39600824560519,0
2024-01-01 12:12:00,46.69855323196207,26.924584375877878,0
2024-01-01 12:13:00,49.85125271843241,32.47728852532208,0
2024-01-01 12:14:00,57.692345712740426,34.09391009682582,0
2024-01-01 12:15:00,49.44827344520452,26.217641740028043,0
2024-01-01 12:16:00,48.371615276046874,32.6882557702451,0
2024-01-01 12:17:00,47.63379004231532,31.10518408771637,0
2024-01-01 12:18:00,40.232096261032964,25.781400825572167,0
2024-01-01 12:19:00,60.4473547853952,30.043659145966114,0
2024-01-01 12:20:00,45.55667707724031,27.27838611462508,0
2024-01-01 12:21:00,64.66782139449558,36.189782765729134,0
2024-01-01 12:22:00,52.61990735658616,26.820652235957393,0
2024-01-01 12:23:00,64.1431469480824,37.45868941948272,0
2024-01-01 12:24:00,48.09947849951229,30.640002672668206,0
2024-01-01 12:25:00,42.696041037911854,21.261080484110984,0
2024-01-01 12:26:00,60.532270641171465,19.051428212485956,0
2024-01-01 12:27:00,44.429176262315686,29.187133776673512,0
2024-01-01 12:28:00,62.818239263021745,36.452087136666854,0
2024-01-01 12:29:00,55.82407907999034,36.27716730541278,0
2024-01-01 12:30:00,64.85433367749832,30.91157261423887,0
2024-01-01 12:31:00,40.25566384887998,26.395485914159263,0
2024-01-01 12:32:00,59.692125785628285,27.92309113448137,0
2024-01-01 12:33:00,42.69166629135936,31.170107576738523,0
2024-01-01 12:34:00,84.93389280613843,44.02995438881731,1
2024-01-01 12:35:00,59.12484441927836,32.8852428024682,0
2024-01-01 12:36:00,87.18400537457902,55.1500497242175,1
2024-01-01 12:37:00,59.440502762969864,33.195142195467305,0
2024-01-01 12:38:00,51.09291256751896,34.70660973533853,0
2024-01-01 12:39:00,50.15000955188024,18.599126277888406,0
2024-01-01 12:40:00,64.98821189390576,25.47080773396086,0
2024-01-01 12:41:00,51.35799336589266,24.63396743549364,0
2024-01-01 12:42:00,45.264962680342784,24.2888759120382,0
2024-01-01 12:43:00,49.28520971987992,30.079846502229906,0
2024-01-01 12:44:00,51.53756156597931,22.84695875592941,0
2024-01-01 12:45:00,21.615058229162763,25.306371737518283,0
2024-01-01 12:46:00,54.91686515218317,29.551977881824854,0
2024-01-01 12:47:00,63.73810870541203,22.03633524588986,0
2024-01-01 12:48:00,49.48395059922127,27.672702331225196,0
2024-01-01 12:49:00,45.69599307739263,33.34791009552493,0
2024-01-01 12:50:00,53.830913285318225,23.78447102494664,0
2024-01-01 12:51:00,67.39314864697901,34.26427365849858,0
2024-01-01 12:52:00,54.62723361750516,25.98295886418426,0
2024-01-01 12:53:00,52.074864171942885,31.372105790246774,0
2024-01-01 12:54:00,46.206379240876274,24.427692520441997,0
2024-01-01 12:55:00,39.44581790375023,32.22589043692855,0
2024-01-01 12:56:00,50.27326857903925,28.543723170122632,0
2024-01-01 12:57:00,50.351034652030506,32.3947004407976,0
2024-01-01 12:58:00,30.620624285191273,27.330523973652934,0
2024-01-01 12:59:00,42.524872409096425,32.73482655175954,0
2024-01-01 13:00:00,61.62658118874272,33.964380280260556,0
2024-01-01 13:01:00,47.351031213614164,30.419071783369958,0
2024-01-01 13:02:00,25.588852717761622,27.60362008440984,0
2024-01-01 13:03:00,65.87394208389996,28.865114243630927,0
2024-01-01 13:04:00,41.025673980105964,23.636706548264883,0
2024-01-01 13:05:00,45.28777087900107,30.945302071046004,0
2024-01-01 13:06:00,60.66906417299392,33.144485696266315,0
2024-01-01 13:07:00,42.75956006996124,37.82058209368341,0
2024-01-01 13:08:00,30.163351228016833,36.493903554477676,0
2024-01-01 13:09:00,52.14546150105632,24.951847689170958,0
2024-01-01 13:10:00,57.82560463939535,30.976143902871353,0
2024-01-01 13:11:00,45.387889177512974,29.428327493731445,0
2024-01-01 13:12:00,48.70687244901851,35.993717831969455,0
2024-01-01 13:13:00,38.1917072126135,26.52050214467237,0
2024-01-01 13:14:00,40.02813783091746,34.52904526546877,0
2024-01-01 13:15:00,46.79485569486605,24.985731950062704,0
2024-01-01 13:16:00,56.47049525609786,29.425628346612378,0
2024-01-01 13:17:00,50.880579226363544,25.676178392221175,0
2024-01-01 13:18:00,60.208982988523715,20.29807930767571,0
2024-01-01 13:19:00,66.45667103345477,25.413434391306033,0
2024-01-01 13:20:00,58.9471780216852,28.55030521245603,0
2024-01-01 13:21:00,34.10610693693182,37.256334172991885,0
2024-01-01 13:22:00,47.05824536434683,24.62162721889443,0
2024-01-01 13:23:00,59.01064407934422,27.011413067870475,0
2024-01-01 13:24:00,48.97043573028961,22.88981363981497,0
2024-01-01 13:25:00,34.050938571587494,35.65788465642054,0
2024-01-01 13:26:00,44.4459212577974,27.736809550819043,0
2024-01-01 13:27:00,27.191964221618043,28.27964000240148,0
2024-01-01 13:28:00,47.30569367253993,28.321602762468267,0
2024-01-01 13:29:00,92.81067380237643,52.15923249087979,1
2024-01-01 13:30:00,46.41321351417603,22.764627152662634,0
2024-01-01 13:31:00,61.60437768419902,25.300945034500142,0
2024-01-01 13:32:00,36.58787597928453,33.10515192255487,0
2024-01-01 13:33:00,42.86009215237757,17.532193958476967,0
2024-01-01 13:34:00,96.65453357505953,42.90011620951236,1
2024-01-01 13:35:00,60.576859771060064,31.653061600207778,0
2024-01-01 13:36:00,61.28660663606834,20.88850228585257,0
2024-01-01 13:37:00,53.27608882066471,28.45537312551023,0
2024-01-01 13:38:00,53.022565467619096,35.884350220649765,0
2024-01-01 13:39:00,37.95401541574191,24.582294190847804,0
2024-01-01 13:40:00,52.02292956114336,27.13245333235383,0
2024-01-01 13:41:00,38.835657979907594,43.637749923856774,0
2024-01-01 13:42:00,50.44971052345357,31.503355847204592,0
2024-01-01 13:43:00,46.65623987230421,28.65607450908358,0
2024-01-01 13:44:00,44.041533254086,27.570045369572917,0
2024-01-01 13:45:00,50.13746478514353,31.83701443067785,0
2024-01-01 13:46:00,56.777038459483755,33.30403957491726,0
2024-01-01 13:47:00,67.66701912231346,19.039938203390008,0
2024-01-01 13:48:00,55.37416067103011,18.842978546732034,0
2024-01-01 13:49:00,72.83779969890901,25.022460975570773,0
2024-01-01 13:50:00,51.867962088717555,29.292916589938628,0
2024-01-01 13:51:00,67.9068942520053,30.459350123568207,0
2024-01-01 13:52:00,54.226625003547205,21.521943038815834,0
2024-01-01 13:53:00,91.33497177543718,33.95003226304664,1
2024-01-01 13:54:00,48.26131777310691,29.728406111641718,0
2024-01-01 13:55:00,53.104699076712436,25.89316884915816,0
2024-01-01 13:56:00,54.375218650105346,27.259880605237225,0
2024-01-01 13:57:00,35.74304756619501,26.44452181597058,0
2024-01-01 13:58:00,56.984781023472024,32.2590838633964,0
2024-01-01 13:59:00,35.293003126060604,30.056251061682058,0
2024-01-01 14:00:00,57.16101549716055,24.395535624422422,0
2024-01-01 14:01:00,55.85265336752391,34.747866971863964,0
2024-01-01 14:02:00,64.34409493150305,23.068329164455562,0
2024-01-01 14:03:00,41.50293991362571,21.389535429106594,0
2024-01-01 14:04:00,40.14683533915313,28.67894162095457,0
2024-01-01 14:05:00,61.06350949202644,28.641480574004085,0
2024-01-01 14:06:00,39.196563861981964,30.484592450595713,0
2024-01-01 14:07:00,38.14232653492896,24.146632038006118,0
2024-01-01 14:08:00,52.12007340362,34.39344695509572,0
2024-01-01 14:09:00,49.51607889954713,38.47525007835995,0
2024-01-01 14:10:00,51.59704540386353,29.800217415290884,0
2024-01-01 14:11:00,55.42314808250291,31.508079377328443,0
2024-01-01 14:12:00,55.68489325913848,19.539560789966973,0
2024-01-01 14:13:00,49.34093976439997,27.814541260895055,0
2024-01-01 14:14:00,50.536224530103176,26.733178963450072,0
2024-01-01 14:15:00,49.11645114204644,25.705502617215153,0
2024-01-01 14:16:00,50.391974523165445,26.654931435860984,0
2024-01-01 14:17:00,36.2837377148476,27.304201394431693,0
2024-01-01 14:18:00,57.52120356175081,22.55832093665032,0
2024-01-01 14:19:00,60.70940189030751,27.5825050149075,0
2024-01-01 14:20:00,56.428678656276276,24.67037541973978,0
2024-01-01 14:21:00,55.63448785624699,33.723453762221084,0
2024-01-01 14:22:00,39.99491151311094,31.63988372400841,0
2024-01-01 14:23:00,35.99779078185166,31.741977691620527,0
2024-01-01 14:24:00,58.22586514168462,34.90532452966126,0
2024-01-01 14:25:00,50.22924703040368,25.877977893722385,0
2024-01-01 14:26:00,51.507216130801616,31.0890670024725,0
2024-01-01 14:27:00,52.23453157998613,35.33560256483346,0
2024-01-01 14:28:00,52.62929417485717,25.504675854933314,0
2024-01-01 14:29:00,56.46642755797272,19.91626990468548,0
2024-01-01 14:30:00,49.119741776856976,26.440724004274383,0
2024-01-01 14:31:00,31.01366425245063,34.865569705582715,0
2024-01-01 14:32:00,56.84750346985691,25.183713684266376,0
2024-01-01 14:33:00,55.69698254660423,27.644574005444955,0
2024-01-01 14:34:00,86.21474795320728,48.883891482420296,1
2024-01-01 14:35:00,91.80876740220098,46.454271825287336,1
2024-01-01 14:36:00,58.69909780256659,24.83990917449386,0
2024-01-01 14:37:00,61.207003029206625,22.448914572184346,0
2024-01-01 14:38:00,23.347551951353427,27.861283028264943,0
2024-01-01 14:39:00,54.36822751949465,28.624408956748997,0
2024-01-01 14:40:00,47.89818811156882,35.56702979304493,0
2024-01-01 14:41:00,50.64300590059319,30.02479699723985,0
2024-01-01 14:42:00,51.127979740430504,24.082348715462352,0
2024-01-01 14:43:00,42.35603342591804,26.32056819077414,0
2024-01-01 14:44:00,56.45270836167463,33.72232643690186,0
2024-01-01 14:45:00,43.13066252905886,27.877326553309082,0
2024-01-01 14:46:00,57.37876846961743,24.469168715624836,0
2024-01-01 14:47:00,59.73234434073827,30.495010911180643,0
2024-01-01 14:48:00,41.181122097229846,26.000042752369286,0
2024-01-01 14:49:00,41.42443614653235,32.49394537552662,0
2024-01-01 14:50:00,51.19819884365109,31.840965656100824,0
2024-01-01 14:51:00,65.03192086377757,24.17314312526975,0
2024-01-01 14:52:00,43.954203027728674,39.01862933168853,0
2024-01-01 14:53:00,45.87285378579102,29.445359398696112,0
2024-01-01 14:54:00,53.173439972829875,16.770694759642865,0
2024-01-01 14:55:00,56.45350804633194,31.88456216415715,0
2024-01-01 14:56:00,55.24087981466994,17.068749855507747,0
2024-01-01 14:57:00,50.29766182773043,35.39119893808632,0
2024-01-01 14:58:00,46.85310376330167,30.302452230337792,0
2024-01-01 14:59:00,53.38323190001039,29.229226123879624,0
2024-01-01 15:00:00,95.68818702748757,42.069064191966355,1
2024-01-01 15:01:00,68.817105137027,32.57543262646106,0
2024-01-01 15:02:00,48.1200924092891,27.12917559210159,0
2024-01-01 15:03:00,51.75701163289508,29.699054894395804,0
2024-01-01 15:04:00,71.04773465616158,30.046524145668624,0
2024-01-01 15:05:00,42.59033568271685,15.22313767800982,0
2024-01-01 15:06:00,96.54088593790358,34.88588226004299,1
2024-01-01 15:07:00,57.19650521958919,33.497687627112924,0
2024-01-01 15:08:00,54.51708483765908,31.74715610606656,0
2024-01-01 15:09:00,56.38705924416427,31.359529315932022,0
2024-01-01 15:10:00,41.58890850457976,37.580211493847656,0
2024-01-01 15:11:00,33.501616141835704,29.425205328114977,0
2024-01-01 15:12:00,38.330024790517875,29.419047475802625,0
2024-01-01 15:13:00,60.688115102911325,26.344428814818393,0
2024-01-01 15:14:00,40.805694150736194,19.860561755214995,0
2024-01-01 15:15:00,33.52966073723096,31.97077517130525,0
2024-01-01 15:16:00,49.22204722817539,26.796925395082226,0
2024-01-01 15:17:00,55.60367081469664,19.935335475057222,0
2024-01-01 15:18:00,50.219306068015285,29.28549101380086,0
2024-01-01 15:19:00,56.00777563232762,29.13641892131153,0
2024-01-01 15:20:00,97.62973932573846,49.99632403191409,1
2024-01-01 15:21:00,55.712185563134575,30.356292639576328,0
2024-01-01 15:22:00,48.517295935684906,21.811071626903715,0
2024-01-01 15:23:00,44.410487644778826,34.680499866507176,0
2024-01-01 15:24:00,57.712486119958584,31.5715820250401,0
2024-01-01 15:25:00,52.862681467570646,35.78289635657503,0
2024-01-01 15:26:00,41.537523507083684,26.791784161122692,0
2024-01-01 15:27:00,62.89642534200167,31.704039252725725,0
2024-01-01 15:28:00,52.5864392675124,20.281489859743104,0
2024-01-01 15:29:00,56.495055057857314,25.429324052936746,0
2024-01-01 15:30:00,46.017178177741904,22.79675288590506,0
2024-01-01 15:31:00,90.64265289511276,40.408819831422974,1
2024-01-01 15:32:00,34.433564851019945,24.282043015452885,0
2024-01-01 15:33:00,66.64360350117488,27.34911413408702,0
2024-01-01 15:34:00,30.6540822055016,29.583895116565444,0
2024-01-01 15:35:00,85.04962620601653,55.61329775984788,1
2024-01-01 15:36:00,52.55000073650033,23.002331201417526,0
2024-01-01 15:37:00,44.82573839556249,37.75204542773803,0
2024-01-01 15:38:00,46.754010324734345,30.17255398030888,0
2024-01-01 15:39:00,44.47546638903674,37.90851288751126,0
2024-01-01 15:40:00,42.02556365125559,24.175805972630755,0
2024-01-01 15:41:00,53.06308045875405,27.663663310127788,0
2024-01-01 15:42:00,49.439525805372035,29.973748423158558,0
2024-01-01 15:43:00,58.83438187622285,37.46956142836849,0
2024-01-01 15:44:00,50.78024752457061,37.901171929002,0
2024-01-01 15:45:00,45.64950382423273,27.554668178799563,0
2024-01-01 15:46:00,57.583811661665514,25.983019853487715,0
2024-01-01 15:47:00,31.465726115637914,29.556411780960282,0
2024-01-01 15:48:00,24.027206871975885,35.61342567714253,0
2024-01-01 15:49:00,34.22089500885543,30.36666744328823,0
2024-01-01 15:50:00,46.53773697864179,31.341491192202728,0
2024-01-01 15:51:00,53.81941078776963,35.56084447154905,0
2024-01-01 15:52:00,23.096455594762393,34.661802853215896,0
2024-01-01 15:53:00,49.782615477915755,35.00983619627785,0
2024-01-01 15:54:00,46.51494024533728,33.02489395428559,0
2024-01-01 15:55:00,91.84299887205462,34.34021573943715,1
2024-01-01 15:56:00,30.898933731964974,23.99288626651279,0
2024-01-01 15:57:00,76.1259627023507,41.23550573120544,0
2024-01-01 15:58:00,50.1479450633797,35.211313790171374,0
2024-01-01 15:59:00,37.75060681460157,29.153003136330877,0
2024-01-01 16:00:00,51.34997089106342,35.51693162417617,0
2024-01-01 16:01:00,64.8809197959929,28.157408727263313,0
2024-01-01 16:02:00,37.295853702266264,32.33551802253979,0
2024-01-01 16:03:00,35.17253028683562,32.814677950652005,0
2024-01-01 16:04:00,48.774223827677396,34.36987098513546,0
2024-01-01 16:05:00,49.64643530260359,27.734960854442026,0
2024-01-01 16:06:00,57.31635569572661,34.44348700325525,0
2024-01-01 16:07:00,84.58944967347671,40.55196975313187,1
2024-01-01 16:08:00,57.80703584127745,33.62966413921925,0
2024-01-01 16:09:00,36.141701761711516,29.82771099802576,0
2024-01-01 16:10:00,87.99136873772419,54.75014961350139,1
2024-01-01 16:11:00,42.015296144296386,26.180419062201793,0
2024-01-01 16:12:00,57.669656959831606,34.248989417359674,0
2024-01-01 16:13:00,56.026829371502586,28.41837806900965,0
2024-01-01 16:14:00,62.471765890284615,36.24347026727422,0
2024-01-01 16:15:00,55.653616461018736,23.986214868053807,0
2024-01-01 16:16:00,43.71203971680433,33.48064384973279,0
2024-01-01 16:17:00,48.10954170329898,29.651736204735826,0
2024-01-01 16:18:00,104.32195632859924,43.02501578184,1
2024-01-01 16:19:00,56.42365013018302,24.158051674064065,0
2024-01-01 16:20:00,43.869172546347066,31.229981252421005,0
2024-01-01 16:21:00,62.08554000819648,24.996411088310435,0
2024-01-01 16:22:00,55.95238178206269,26.837224539470743,0
2024-01-01 16:23:00,69.34026236513704,29.31563528402621,0
2024-01-01 16:24:00,54.05416960447246,28.18167549144996,0
2024-01-01 16:25:00,53.98474569821926,35.15928289761035,0
2024-01-01 16:26:00,48.23062625178302,16.98071784678401,0
2024-01-01 16:27:00,46.10729908968949,29.010765672358847,0
2024-01-01 16:28:00,47.242193397326474,28.197030299788466,0
2024-01-01 16:29:00,60.06872905782832,30.106786675945152,0
2024-01-01 16:30:00,36.434725751917746,27.356329208633973,0
2024-01-01 16:31:00,50.5646449527551,34.9960633754586,0
2024-01-01 16:32:00,33.50481551139072,28.685916915505743,0
2024-01-01 16:33:00,53.76941691437215,30.737630993499486,0
2024-01-01 16:34:00,45.33379789257815,34.61296598644598,0
2024-01-01 16:35:00,54.91730986336855,30.439141434638447,0
2024-01-01 16:36:00,42.67160755944084,23.63288074617187,0
2024-01-01 16:37:00,47.519920262740094,27.949501441695173,0
2024-01-01 16:38:00,56.27288804515682,29.404341615026993,0
2024-01-01 16:39:00,51.13291178201715,21.755216305832253,0
